{
  "slowest_ranks_by_step": [
    {
      "rank": 12,
      "median_ms": 19825.53
    },
    {
      "rank": 14,
      "median_ms": 19825.403
    },
    {
      "rank": 15,
      "median_ms": 19825.29
    },
    {
      "rank": 13,
      "median_ms": 19825.234
    }
  ],
  "aicore_mean_by_phy": {
    "0": 30.512820512820515,
    "1": 29.44871794871795,
    "2": 30.666666666666668,
    "3": 29.28205128205128,
    "4": 31.076923076923077,
    "5": 30.128205128205128,
    "6": 31.32051282051282,
    "7": 31.73076923076923,
    "8": 40.48717948717949,
    "9": 39.42307692307692,
    "10": 38.782051282051285,
    "11": 36.15384615384615,
    "12": 37.80769230769231,
    "13": 38.34615384615385,
    "14": 46.37179487179487,
    "15": 46.57692307692308
  },
  "preempt_targets": [
    14,
    15
  ],
  "step_hits_preempt": [
    14,
    15
  ],
  "aicore_top": [
    [
      15,
      46.57692307692308
    ],
    [
      14,
      46.37179487179487
    ],
    [
      8,
      40.48717948717949
    ],
    [
      9,
      39.42307692307692
    ]
  ],
  "dual_signal_verdict": "PASS"
}