{
  "slowest_ranks_by_step": [
    {
      "rank": 12,
      "median_ms": 19714.609
    },
    {
      "rank": 13,
      "median_ms": 19713.238
    },
    {
      "rank": 14,
      "median_ms": 19713.164
    },
    {
      "rank": 15,
      "median_ms": 19712.853
    }
  ],
  "aicore_mean_by_phy": {
    "0": 27.41025641025641,
    "1": 29.564102564102566,
    "2": 28.78205128205128,
    "3": 29.871794871794872,
    "4": 29.884615384615383,
    "5": 30.333333333333332,
    "6": 27.96153846153846,
    "7": 30.025641025641026,
    "8": 36.64102564102564,
    "9": 37.217948717948715,
    "10": 38.53846153846154,
    "11": 37.73076923076923,
    "12": 37.93589743589744,
    "13": 38.243589743589745,
    "14": 45.96153846153846,
    "15": 46.55128205128205
  },
  "preempt_targets": [
    14,
    15
  ],
  "step_hits_preempt": [
    14,
    15
  ],
  "aicore_top": [
    [
      15,
      46.55128205128205
    ],
    [
      14,
      45.96153846153846
    ],
    [
      10,
      38.53846153846154
    ],
    [
      13,
      38.243589743589745
    ]
  ],
  "dual_signal_verdict": "PASS"
}