world_npu,gap_real_ms,gap_indep_ms,network_contrib_ms,median_step_real_ms,median_step_indep_ms,cross_node
8,,0.2915000000000063,,,81.434,False
16,1.5562500000014552,0.534000000000006,1.0222500000014492,20177.701500000003,81.498,False
32,1.9735000000000582,0.5782500000000041,1.395250000000054,19270.74075,81.45475,True
64,2.430499999998574,1.1455000000000055,1.2849999999985684,19327.9385,81.44800000000001,True
96,2.668999999999869,1.264000000000003,1.4049999999998661,20837.698750000003,81.43924999999999,True
